79-48,nan,W,nan,nan,nan,nan,"nan,nan,nan,nan",Varsity,17-18
103-55,nan,W,nan,nan,nan,nan,"nan,nan,nan,nan",Varsity,17-18
97-55,nan,W,nan,nan,nan,nan,"nan,nan,nan,nan",Varsity,17-18
84-45,nan,W,nan,nan,nan,nan,"nan,nan,nan,nan",Varsity,17-18
103-40,nan,W,nan,nan,nan,nan,"nan,nan,nan,nan",Varsity,17-18
89-35,nan,W,nan,nan,nan,nan,"nan,nan,nan,nan",Varsity,17-18
81-49,nan,W,nan,nan,nan,nan,"nan,nan,nan,nan",Varsity,17-18
85-50,nan,W,nan,nan,nan,nan,"nan,nan,nan,nan",Varsity,17-18
95-27,nan,W,nan,nan,nan,nan,"nan,nan,nan,nan",Varsity,17-18
89-43,nan,W,nan,nan,nan,nan,"nan,nan,nan,nan",Varsity,17-18
79-70,nan,W,nan,nan,nan,nan,"nan,nan,nan,nan",Varsity,17-18
71-43,nan,W,nan,nan,nan,nan,"nan,nan,nan,nan",Varsity,17-18
94-61,nan,W,nan,nan,nan,nan,"nan,nan,nan,nan",Varsity,17-18
101-38,nan,W,nan,nan,nan,nan,"nan,nan,nan,nan",Varsity,17-18
76-66,nan,W,nan,nan,nan,nan,"nan,nan,nan,nan",Varsity,17-18
70-42,nan,W,nan,nan,nan,nan,"nan,nan,nan,nan",Varsity,17-18
89-45,nan,W,nan,nan,nan,nan,"nan,nan,nan,nan",Varsity,17-18
77-55,nan,W,nan,nan,nan,nan,"nan,nan,nan,nan",Varsity,17-18
68-64,nan,W,nan,nan,nan,nan,"nan,nan,nan,nan",Varsity,17-18
79-49,nan,W,nan,nan,nan,nan,"nan,nan,nan,nan",Varsity,17-18
28-21,nan,L,nan,nan,nan,nan,"nan,nan,nan,nan",Varsity,17-18
62-60,nan,W,nan,nan,nan,nan,"nan,nan,nan,nan",Varsity,17-18
74-48,nan,W,nan,nan,nan,nan,"nan,nan,nan,nan",Varsity,17-18
80-63,nan,W,nan,nan,nan,nan,"nan,nan,nan,nan",Varsity,17-18
62-24,nan,W,nan,nan,nan,nan,"nan,nan,nan,nan",Varsity,17-18
91-54,nan,W,nan,nan,nan,nan,"nan,nan,nan,nan",Varsity,17-18
90-38,nan,W,nan,nan,nan,nan,"nan,nan,nan,nan",Varsity,17-18
88-57,nan,W,nan,nan,nan,nan,"nan,nan,nan,nan",Varsity,17-18
69-67,nan,W,nan,nan,nan,nan,"nan,nan,nan,nan",Varsity,17-18
101-69,nan,W,nan,nan,nan,nan,"nan,nan,nan,nan",Varsity,17-18
81-65,nan,W,nan,nan,nan,nan,"nan,nan,nan,nan",Varsity,17-18
60-59,nan,W,nan,nan,nan,nan,"nan,nan,nan,nan",Varsity,17-18
71-48,nan,W,nan,nan,nan,nan,"nan,nan,nan,nan",Varsity,17-18
85-59,nan,W,nan,nan,nan,nan,"nan,nan,nan,nan",Varsity,17-18
87-82,nan,W,nan,nan,nan,nan,"nan,nan,nan,nan",Varsity,17-18
71-53,nan,W,nan,nan,nan,nan,"nan,nan,nan,nan",Varsity,17-18
76-58,nan,W,nan,nan,nan,nan,"nan,nan,nan,nan",Varsity,17-18
84-54,nan,W,nan,nan,nan,nan,"nan,nan,nan,nan",Varsity,17-18
68-64 (OT),nan,W,nan,nan,nan,nan,"nan,nan,nan,nan",Varsity,17-18
59-33,nan,W,nan,nan,nan,nan,"nan,nan,nan,nan",Varsity,17-18
68-57,nan,W,nan,nan,nan,nan,"nan,nan,nan,nan",Varsity,17-18
81-66,nan,W,nan,nan,nan,nan,"nan,nan,nan,nan",Varsity,17-18
82-66,nan,W,nan,nan,nan,nan,"nan,nan,nan,nan",Varsity,17-18
84-66,nan,W,nan,nan,nan,nan,"nan,nan,nan,nan",Varsity,17-18
80-54,nan,W,nan,nan,nan,nan,"nan,nan,nan,nan",Varsity,17-18
80-45,nan,W,nan,nan,nan,nan,"nan,nan,nan,nan",Varsity,17-18
76-58,nan,W,nan,nan,nan,nan,"nan,nan,nan,nan",Varsity,17-18
62-60,nan,W,nan,nan,nan,nan,"nan,nan,nan,nan",Varsity,17-18
70-60,nan,W,nan,nan,nan,nan,"nan,nan,nan,nan",Varsity,17-18
77-72,nan,L,nan,nan,nan,nan,"nan,nan,nan,nan",Varsity,17-18
73-70,nan,L,nan,nan,nan,nan,"nan,nan,nan,nan",Varsity,17-18
78-73,nan,L,nan,nan,nan,nan,"nan,nan,nan,nan",Varsity,17-18
81-44,nan,W,nan,nan,nan,nan,"nan,nan,nan,nan",Varsity,17-18
76-37,nan,W,nan,nan,nan,nan,"nan,nan,nan,nan",Varsity,17-18
76-37,nan,W,nan,nan,nan,nan,"nan,nan,nan,nan",Varsity,17-18
82-56,nan,W,nan,nan,nan,nan,"nan,nan,nan,nan",Varsity,17-18
71-45,nan,W,nan,nan,nan,nan,"nan,nan,nan,nan",Varsity,17-18
98-43,nan,W,nan,nan,nan,nan,"nan,nan,nan,nan",Varsity,17-18
90-76,nan,W,nan,nan,nan,nan,"nan,nan,nan,nan",Varsity,17-18
118-22,nan,W,nan,nan,nan,nan,"nan,nan,nan,nan",Varsity,17-18
64-37,nan,W,nan,nan,nan,nan,"nan,nan,nan,nan",Varsity,17-18
80-55,nan,W,nan,nan,nan,nan,"nan,nan,nan,nan",Varsity,17-18
85-54,nan,W,nan,nan,nan,nan,"nan,nan,nan,nan",Varsity,17-18
56-29,nan,W,nan,nan,nan,nan,"nan,nan,nan,nan",Varsity,17-18
83-36,nan,W,nan,nan,nan,nan,"nan,nan,nan,nan",Varsity,17-18
62-46,nan,W,nan,nan,nan,nan,"nan,nan,nan,nan",Varsity,17-18
62-46,nan,W,nan,nan,nan,nan,"nan,nan,nan,nan",Varsity,17-18
72-41,nan,W,nan,nan,nan,nan,"nan,nan,nan,nan",Varsity,17-18
52-33,nan,W,nan,nan,nan,nan,"nan,nan,nan,nan",Varsity,17-18
70-60,nan,W,nan,nan,nan,nan,"nan,nan,nan,nan",Varsity,17-18
67-50,nan,W,nan,nan,nan,nan,"nan,nan,nan,nan",Varsity,17-18
65-30,nan,W,nan,nan,nan,nan,"nan,nan,nan,nan",Varsity,17-18
57-40,nan,W,nan,nan,nan,nan,"nan,nan,nan,nan",Varsity,17-18
56-53,nan,W,nan,nan,nan,nan,"nan,nan,nan,nan",Varsity,17-18
75-48,nan,W,nan,nan,nan,nan,"nan,nan,nan,nan",Varsity,17-18
58-44,nan,W,nan,nan,nan,nan,"nan,nan,nan,nan",Varsity,17-18
65-44,nan,W,nan,nan,nan,nan,"nan,nan,nan,nan",Varsity,17-18
53-49,nan,W,nan,nan,nan,nan,"nan,nan,nan,nan",Varsity,17-18
56-43,nan,L,nan,nan,nan,nan,"nan,nan,nan,nan",Varsity,17-18
76-57,nan,W,nan,nan,nan,nan,"nan,nan,nan,nan",Varsity,17-18
47-44,nan,W,nan,nan,nan,nan,"nan,nan,nan,nan",Varsity,17-18
61-51,nan,L,nan,nan,nan,nan,"nan,nan,nan,nan",Varsity,17-18
61-54,nan,W,nan,nan,nan,nan,"nan,nan,nan,nan",Varsity,17-18
71-57,nan,W,nan,nan,nan,nan,"nan,nan,nan,nan",Varsity,17-18
66-38,nan,W,nan,nan,nan,nan,"nan,nan,nan,nan",Varsity,17-18
78-51,nan,W,nan,nan,nan,nan,"nan,nan,nan,nan",Varsity,17-18
54-40,nan,W,nan,nan,nan,nan,"nan,nan,nan,nan",Varsity,17-18
72-46,nan,W,nan,nan,nan,nan,"nan,nan,nan,nan",Varsity,17-18
73-43,nan,W,nan,nan,nan,nan,"nan,nan,nan,nan",Varsity,17-18
66-50,nan,W,nan,nan,nan,nan,"nan,nan,nan,nan",Varsity,17-18
72-63,nan,W,nan,nan,nan,nan,"nan,nan,nan,nan",Varsity,17-18
63-44,nan,W,nan,nan,nan,nan,"nan,nan,nan,nan",Varsity,17-18
61-48,nan,W,nan,nan,nan,nan,"nan,nan,nan,nan",Varsity,17-18
101-48,nan,W,nan,nan,nan,nan,"nan,nan,nan,nan",Varsity,17-18
76-34,nan,W,nan,nan,nan,nan,"nan,nan,nan,nan",Varsity,17-18
62-52,nan,W,nan,nan,nan,nan,"nan,nan,nan,nan",Varsity,17-18
54-46,nan,W,nan,nan,nan,nan,"nan,nan,nan,nan",Varsity,17-18
66-37,nan,W,nan,nan,nan,nan,"nan,nan,nan,nan",Varsity,17-18
99-48,nan,W,nan,nan,nan,nan,"nan,nan,nan,nan",Varsity,17-18
76-30,nan,W,nan,nan,nan,nan,"nan,nan,nan,nan",Varsity,17-18
44-32,nan,W,nan,nan,nan,nan,"nan,nan,nan,nan",Varsity,17-18
79-60,nan,W,nan,nan,nan,nan,"nan,nan,nan,nan",Varsity,17-18
65-60,nan,W,nan,nan,nan,nan,"nan,nan,nan,nan",Varsity,17-18
71-35,nan,W,nan,nan,nan,nan,"nan,nan,nan,nan",Varsity,17-18
97-82,nan,W,nan,nan,nan,nan,"nan,nan,nan,nan",Varsity,17-18
63-60,nan,W,nan,nan,nan,nan,"nan,nan,nan,nan",Varsity,17-18
69-34,nan,W,nan,nan,nan,nan,"nan,nan,nan,nan",Varsity,17-18
98-91,nan,W,nan,nan,nan,nan,"nan,nan,nan,nan",Varsity,17-18
83-72,nan,W,nan,nan,nan,nan,"nan,nan,nan,nan",Varsity,17-18
82-72,nan,W,nan,nan,nan,nan,"nan,nan,nan,nan",Varsity,17-18
97-72,nan,W,nan,nan,nan,nan,"nan,nan,nan,nan",Varsity,17-18
89-66,nan,W,nan,nan,nan,nan,"nan,nan,nan,nan",Varsity,17-18
86-67,nan,W,nan,nan,nan,nan,"nan,nan,nan,nan",Varsity,17-18
93-62,nan,W,nan,nan,nan,nan,"nan,nan,nan,nan",Varsity,17-18
87-76,nan,W,nan,nan,nan,nan,"nan,nan,nan,nan",Varsity,17-18
83-48,nan,W,nan,nan,nan,nan,"nan,nan,nan,nan",Varsity,17-18
95-49,nan,W,nan,nan,nan,nan,"nan,nan,nan,nan",Varsity,17-18
78-76,nan,W,nan,nan,nan,nan,"nan,nan,nan,nan",Varsity,17-18
70-47,nan,W,nan,nan,nan,nan,"nan,nan,nan,nan",Varsity,17-18
77-71,nan,W,nan,nan,nan,nan,"nan,nan,nan,nan",Varsity,17-18
79-73,nan,W,nan,nan,nan,nan,"nan,nan,nan,nan",Varsity,17-18
94-66,nan,W,nan,nan,nan,nan,"nan,nan,nan,nan",Varsity,17-18
82-75,nan,W,nan,nan,nan,nan,"nan,nan,nan,nan",Varsity,17-18
91-52,nan,W,nan,nan,nan,nan,"nan,nan,nan,nan",Varsity,17-18
70-64,nan,W,nan,nan,nan,nan,"nan,nan,nan,nan",Varsity,17-18
68-66,nan,L,nan,nan,nan,nan,"nan,nan,nan,nan",Varsity,17-18
59-52,nan,W,nan,nan,nan,nan,"nan,nan,nan,nan",Varsity,17-18
75-67,nan,W,nan,nan,nan,nan,"nan,nan,nan,nan",Varsity,17-18
70-53,nan,W,nan,nan,nan,nan,"nan,nan,nan,nan",Varsity,17-18
87-45,nan,W,nan,nan,nan,nan,"nan,nan,nan,nan",Varsity,17-18
89-46,nan,W,nan,nan,nan,nan,"nan,nan,nan,nan",Varsity,17-18
90-54,nan,W,nan,nan,nan,nan,"nan,nan,nan,nan",Varsity,17-18
62-56,nan,W,nan,nan,nan,nan,"nan,nan,nan,nan",Varsity,17-18
83-62,nan,W,nan,nan,nan,nan,"nan,nan,nan,nan",Varsity,17-18
78-54,nan,W,nan,nan,nan,nan,"nan,nan,nan,nan",Varsity,17-18
89-59,nan,W,nan,nan,nan,nan,"nan,nan,nan,nan",Varsity,17-18
77-46,nan,W,nan,nan,nan,nan,"nan,nan,nan,nan",Varsity,17-18
59-55,nan,W,nan,nan,nan,nan,"nan,nan,nan,nan",Varsity,17-18
91-75,nan,W,nan,nan,nan,nan,"nan,nan,nan,nan",Varsity,17-18
89-56,nan,W,nan,nan,nan,nan,"nan,nan,nan,nan",Varsity,17-18
48-45,nan,W,nan,nan,nan,nan,"nan,nan,nan,nan",Varsity,17-18
79-77,nan,W,nan,nan,nan,nan,"nan,nan,nan,nan",Varsity,17-18
58-48,nan,W,nan,nan,nan,nan,"nan,nan,nan,nan",Varsity,17-18
40-36,nan,L,nan,nan,nan,nan,"nan,nan,nan,nan",Varsity,17-18
63-51,nan,W,nan,nan,nan,nan,"nan,nan,nan,nan",Varsity,17-18
74-42,nan,W,nan,nan,nan,nan,"nan,nan,nan,nan",Varsity,17-18
66-64 (OT),nan,W,nan,nan,nan,nan,"nan,nan,nan,nan",Varsity,17-18
47-39,nan,W,nan,nan,nan,nan,"nan,nan,nan,nan",Varsity,17-18
95-46,nan,W,nan,nan,nan,nan,"nan,nan,nan,nan",Varsity,17-18
69-47,nan,W,nan,nan,nan,nan,"nan,nan,nan,nan",Varsity,17-18
51-37,nan,W,nan,nan,nan,nan,"nan,nan,nan,nan",Varsity,17-18
54-46,nan,W,nan,nan,nan,nan,"nan,nan,nan,nan",Varsity,17-18
63-46,nan,W,nan,nan,nan,nan,"nan,nan,nan,nan",Varsity,17-18
60-56,nan,W,nan,nan,nan,nan,"nan,nan,nan,nan",Varsity,17-18
61-44,nan,W,nan,nan,nan,nan,"nan,nan,nan,nan",Varsity,17-18
43-37,nan,W,nan,nan,nan,nan,"nan,nan,nan,nan",Varsity,17-18
62-58,nan,W,nan,nan,nan,nan,"nan,nan,nan,nan",Varsity,17-18
55-43,nan,W,nan,nan,nan,nan,"nan,nan,nan,nan",Varsity,17-18
56-39,nan,W,nan,nan,nan,nan,"nan,nan,nan,nan",Varsity,17-18
72-46,nan,W,nan,nan,nan,nan,"nan,nan,nan,nan",Varsity,17-18
65-41,nan,W,nan,nan,nan,nan,"nan,nan,nan,nan",Varsity,17-18
71-67 (3OT),nan,W,nan,nan,nan,nan,"nan,nan,nan,nan",Varsity,17-18
50-42,nan,W,nan,nan,nan,nan,"nan,nan,nan,nan",Varsity,17-18
63-35,nan,W,nan,nan,nan,nan,"nan,nan,nan,nan",Varsity,17-18
60-35,nan,W,nan,nan,nan,nan,"nan,nan,nan,nan",Varsity,17-18
100-42,nan,W,nan,nan,nan,nan,"nan,nan,nan,nan",Varsity,17-18
66-65,nan,W,nan,nan,nan,nan,"nan,nan,nan,nan",Varsity,17-18
48-46,nan,W,nan,nan,nan,nan,"nan,nan,nan,nan",Varsity,17-18
67-39,nan,W,nan,nan,nan,nan,"nan,nan,nan,nan",Varsity,17-18
57-34,nan,W,nan,nan,nan,nan,"nan,nan,nan,nan",Varsity,17-18
65-60,nan,W,nan,nan,nan,nan,"nan,nan,nan,nan",Varsity,17-18
47-42,nan,W,nan,nan,nan,nan,"nan,nan,nan,nan",Varsity,17-18
48-46,nan,W,nan,nan,nan,nan,"nan,nan,nan,nan",Varsity,17-18
83-48,nan,W,nan,nan,nan,nan,"nan,nan,nan,nan",Varsity,17-18
64-62,nan,W,nan,nan,nan,nan,"nan,nan,nan,nan",Varsity,17-18
54-48,nan,W,nan,nan,nan,nan,"nan,nan,nan,nan",Varsity,17-18
74-40,nan,W,nan,nan,nan,nan,"nan,nan,nan,nan",Varsity,17-18
86-49,nan,W,nan,nan,nan,nan,"nan,nan,nan,nan",Varsity,17-18
86-67,nan,W,nan,nan,nan,nan,"nan,nan,nan,nan",Varsity,17-18
80-70,nan,W,nan,nan,nan,nan,"nan,nan,nan,nan",Varsity,17-18
71-47,nan,W,nan,nan,nan,nan,"nan,nan,nan,nan",Varsity,17-18
69-51,nan,W,nan,nan,nan,nan,"nan,nan,nan,nan",Varsity,17-18
121-39,nan,W,nan,nan,nan,nan,"nan,nan,nan,nan",Varsity,17-18
73-53,nan,W,nan,nan,nan,nan,"nan,nan,nan,nan",Varsity,17-18
74-63,nan,W,nan,nan,nan,nan,"nan,nan,nan,nan",Varsity,17-18
56-43,nan,W,nan,nan,nan,nan,"nan,nan,nan,nan",Varsity,17-18
76-66,nan,L,nan,nan,nan,nan,"nan,nan,nan,nan",Varsity,17-18
64-63,nan,W,nan,nan,nan,nan,"nan,nan,nan,nan",Varsity,17-18
74-49,nan,W,nan,nan,nan,nan,"nan,nan,nan,nan",Varsity,17-18
73-63,nan,W,nan,nan,nan,nan,"nan,nan,nan,nan",Varsity,17-18
77-55,nan,W,nan,nan,nan,nan,"nan,nan,nan,nan",Varsity,17-18
71-62,nan,L,nan,nan,nan,nan,"nan,nan,nan,nan",Varsity,17-18
86-56,nan,W,nan,nan,nan,nan,"nan,nan,nan,nan",Varsity,17-18
93-78,nan,L,nan,nan,nan,nan,"nan,nan,nan,nan",Varsity,17-18
72-54,nan,W,nan,nan,nan,nan,"nan,nan,nan,nan",Varsity,17-18
65-62,nan,W,nan,nan,nan,nan,"nan,nan,nan,nan",Varsity,17-18
74-36,nan,W,nan,nan,nan,nan,"nan,nan,nan,nan",Varsity,17-18
79-69,nan,W,nan,nan,nan,nan,"nan,nan,nan,nan",Varsity,17-18
65-62,nan,L,nan,nan,nan,nan,"nan,nan,nan,nan",Varsity,17-18
56-37,nan,W,nan,nan,nan,nan,"nan,nan,nan,nan",Varsity,17-18
69-63,nan,W,nan,nan,nan,nan,"nan,nan,nan,nan",Varsity,17-18
77-43,nan,W,nan,nan,nan,nan,"nan,nan,nan,nan",Varsity,17-18
77-53,nan,W,nan,nan,nan,nan,"nan,nan,nan,nan",Varsity,17-18
57-53,nan,W,nan,nan,nan,nan,"nan,nan,nan,nan",Varsity,17-18
56-54,nan,L,nan,nan,nan,nan,"nan,nan,nan,nan",Varsity,17-18
82-32,nan,W,nan,nan,nan,nan,"nan,nan,nan,nan",Varsity,17-18
72-58,nan,W,nan,nan,nan,nan,"nan,nan,nan,nan",Varsity,17-18
74-63,nan,W,nan,nan,nan,nan,"nan,nan,nan,nan",Varsity,17-18
54-53,nan,W,nan,nan,nan,nan,"nan,nan,nan,nan",Varsity,17-18
64-58,nan,W,nan,nan,nan,nan,"nan,nan,nan,nan",Varsity,17-18
59-48,nan,W,nan,nan,nan,nan,"nan,nan,nan,nan",Varsity,17-18
72-50,nan,W,nan,nan,nan,nan,"nan,nan,nan,nan",Varsity,17-18
54-50,nan,W,nan,nan,nan,nan,"nan,nan,nan,nan",Varsity,17-18
89-51,nan,W,nan,nan,nan,nan,"nan,nan,nan,nan",Varsity,17-18
70-57,nan,W,nan,nan,nan,nan,"nan,nan,nan,nan",Varsity,17-18
77-57,nan,W,nan,nan,nan,nan,"nan,nan,nan,nan",Varsity,17-18
85-64,nan,W,nan,nan,nan,nan,"nan,nan,nan,nan",Varsity,17-18
66-59,nan,W,nan,nan,nan,nan,"nan,nan,nan,nan",Varsity,17-18
69-68,nan,W,nan,nan,nan,nan,"nan,nan,nan,nan",Varsity,17-18
70-60,nan,L,nan,nan,nan,nan,"nan,nan,nan,nan",Varsity,17-18
56-54,nan,L,nan,nan,nan,nan,"nan,nan,nan,nan",Varsity,17-18
89-59,nan,W,nan,nan,nan,nan,"nan,nan,nan,nan",Varsity,17-18
64-36,nan,W,nan,nan,nan,nan,"nan,nan,nan,nan",Varsity,17-18
73-48,nan,W,nan,nan,nan,nan,"nan,nan,nan,nan",Varsity,17-18
67-48,nan,W,nan,nan,nan,nan,"nan,nan,nan,nan",Varsity,17-18
78-73,nan,W,nan,nan,nan,nan,"nan,nan,nan,nan",Varsity,17-18
65-48,nan,W,nan,nan,nan,nan,"nan,nan,nan,nan",Varsity,17-18
76-42,nan,W,nan,nan,nan,nan,"nan,nan,nan,nan",Varsity,17-18
62-60,nan,L,nan,nan,nan,nan,"nan,nan,nan,nan",Varsity,17-18
56-39,nan,W,nan,nan,nan,nan,"nan,nan,nan,nan",Varsity,17-18
75-52,nan,W,nan,nan,nan,nan,"nan,nan,nan,nan",Varsity,17-18
97-38,nan,W,nan,nan,nan,nan,"nan,nan,nan,nan",Varsity,17-18
65-49,nan,W,nan,nan,nan,nan,"nan,nan,nan,nan",Varsity,17-18
80-63,nan,W,nan,nan,nan,nan,"nan,nan,nan,nan",Varsity,17-18
71-64,nan,W,nan,nan,nan,nan,"nan,nan,nan,nan",Varsity,17-18
114-65,nan,W,nan,nan,nan,nan,"nan,nan,nan,nan",Varsity,17-18
81-51,nan,W,nan,nan,nan,nan,"nan,nan,nan,nan",Varsity,17-18
86-77,nan,W,nan,nan,nan,nan,"nan,nan,nan,nan",Varsity,17-18
64-53,nan,W,nan,nan,nan,nan,"nan,nan,nan,nan",Varsity,17-18
69-59,nan,W,nan,nan,nan,nan,"nan,nan,nan,nan",Varsity,17-18
79-41,nan,W,nan,nan,nan,nan,"nan,nan,nan,nan",Varsity,17-18
70-55,nan,W,nan,nan,nan,nan,"nan,nan,nan,nan",Varsity,17-18
77-68,nan,W,nan,nan,nan,nan,"nan,nan,nan,nan",Varsity,17-18
53-48,nan,W,nan,nan,nan,nan,"nan,nan,nan,nan",Varsity,17-18
71-66,nan,L,nan,nan,nan,nan,"nan,nan,nan,nan",Varsity,17-18
93-66,nan,W,nan,nan,nan,nan,"nan,nan,nan,nan",Varsity,17-18
118-54,nan,W,nan,nan,nan,nan,"nan,nan,nan,nan",Varsity,17-18
75-67,nan,W,nan,nan,nan,nan,"nan,nan,nan,nan",Varsity,17-18
89-77,nan,W,nan,nan,nan,nan,"nan,nan,nan,nan",Varsity,17-18
77-60,nan,W,nan,nan,nan,nan,"nan,nan,nan,nan",Varsity,17-18
64-62,nan,L,nan,nan,nan,nan,"nan,nan,nan,nan",Varsity,17-18
72-56,nan,W,nan,nan,nan,nan,"nan,nan,nan,nan",Varsity,17-18
77-69,nan,W,nan,nan,nan,nan,"nan,nan,nan,nan",Varsity,17-18
92-43,nan,W,nan,nan,nan,nan,"nan,nan,nan,nan",Varsity,17-18
84-55,nan,W,nan,nan,nan,nan,"nan,nan,nan,nan",Varsity,17-18
92-60,nan,W,nan,nan,nan,nan,"nan,nan,nan,nan",Varsity,17-18
92-60,nan,W,nan,nan,nan,nan,"nan,nan,nan,nan",Varsity,17-18
68-62,nan,L,nan,nan,nan,nan,"nan,nan,nan,nan",Varsity,17-18
68-45,nan,W,nan,nan,nan,nan,"nan,nan,nan,nan",Varsity,17-18
67-54,nan,W,nan,nan,nan,nan,"nan,nan,nan,nan",Varsity,17-18
72-57,nan,W,nan,nan,nan,nan,"nan,nan,nan,nan",Varsity,17-18
82-75,nan,L,nan,nan,nan,nan,"nan,nan,nan,nan",Varsity,17-18
79-58,nan,W,nan,nan,nan,nan,"nan,nan,nan,nan",Varsity,17-18
54-52,nan,W,nan,nan,nan,nan,"nan,nan,nan,nan",Varsity,17-18
65-48,nan,W,nan,nan,nan,nan,"nan,nan,nan,nan",Varsity,17-18
64-53,nan,W,nan,nan,nan,nan,"nan,nan,nan,nan",Varsity,17-18
59-49,nan,L,nan,nan,nan,nan,"nan,nan,nan,nan",Varsity,17-18
67-48,nan,W,nan,nan,nan,nan,"nan,nan,nan,nan",Varsity,17-18
71-68,nan,W,nan,nan,nan,nan,"nan,nan,nan,nan",Varsity,17-18
76-52,nan,W,nan,nan,nan,nan,"nan,nan,nan,nan",Varsity,17-18
68-41,nan,W,nan,nan,nan,nan,"nan,nan,nan,nan",Varsity,17-18
63-49,nan,W,nan,nan,nan,nan,"nan,nan,nan,nan",Varsity,17-18
83-62,nan,L,nan,nan,nan,nan,"nan,nan,nan,nan",Varsity,17-18
71-59,nan,W,nan,nan,nan,nan,"nan,nan,nan,nan",Varsity,17-18
73-43,nan,W,nan,nan,nan,nan,"nan,nan,nan,nan",Varsity,17-18
40-37,nan,W,nan,nan,nan,nan,"nan,nan,nan,nan",Varsity,17-18
75-45,nan,W,nan,nan,nan,nan,"nan,nan,nan,nan",Varsity,17-18
49-43,nan,W,nan,nan,nan,nan,"nan,nan,nan,nan",Varsity,17-18
82-51,nan,W,nan,nan,nan,nan,"nan,nan,nan,nan",Varsity,17-18
56-53,nan,W,nan,nan,nan,nan,"nan,nan,nan,nan",Varsity,17-18
65-54,nan,W,nan,nan,nan,nan,"nan,nan,nan,nan",Varsity,17-18
73-67,nan,W,nan,nan,nan,nan,"nan,nan,nan,nan",Varsity,17-18
40-36,nan,W,nan,nan,nan,nan,"nan,nan,nan,nan",Varsity,17-18
70-55,nan,W,nan,nan,nan,nan,"nan,nan,nan,nan",Varsity,17-18
49-47 (OT),nan,W,nan,nan,nan,nan,"nan,nan,nan,nan",Varsity,17-18
87-73,nan,W,nan,nan,nan,nan,"nan,nan,nan,nan",Varsity,17-18
75-68,nan,W,nan,nan,nan,nan,"nan,nan,nan,nan",Varsity,17-18
73-70,nan,L,nan,nan,nan,nan,"nan,nan,nan,nan",Varsity,17-18
116-30,nan,W,nan,nan,nan,nan,"nan,nan,nan,nan",Varsity,17-18
84-62,nan,L,nan,nan,nan,nan,"nan,nan,nan,nan",Varsity,17-18
81-48,nan,W,nan,nan,nan,nan,"nan,nan,nan,nan",Varsity,17-18
84-62,nan,W,nan,nan,nan,nan,"nan,nan,nan,nan",Varsity,17-18
58-51 (OT),nan,W,nan,nan,nan,nan,"nan,nan,nan,nan",Varsity,17-18
64-52,nan,W,nan,nan,nan,nan,"nan,nan,nan,nan",Varsity,17-18
76-62,nan,W,nan,nan,nan,nan,"nan,nan,nan,nan",Varsity,17-18
62-57,nan,W,nan,nan,nan,nan,"nan,nan,nan,nan",Varsity,17-18
63-50,nan,W,nan,nan,nan,nan,"nan,nan,nan,nan",Varsity,17-18
67-53,nan,W,nan,nan,nan,nan,"nan,nan,nan,nan",Varsity,17-18
79-65,nan,W,nan,nan,nan,nan,"nan,nan,nan,nan",Varsity,17-18
79-68,nan,W,nan,nan,nan,nan,"nan,nan,nan,nan",Varsity,17-18
93-78,nan,W,nan,nan,nan,nan,"nan,nan,nan,nan",Varsity,17-18
76-59,nan,W,nan,nan,nan,nan,"nan,nan,nan,nan",Varsity,17-18
82-33,nan,W,nan,nan,nan,nan,"nan,nan,nan,nan",Varsity,17-18
70-54,nan,W,nan,nan,nan,nan,"nan,nan,nan,nan",Varsity,17-18
59-54,nan,W,nan,nan,nan,nan,"nan,nan,nan,nan",Varsity,17-18
65-62,nan,W,nan,nan,nan,nan,"nan,nan,nan,nan",Varsity,17-18
74-62,nan,W,nan,nan,nan,nan,"nan,nan,nan,nan",Varsity,17-18
69-32,nan,W,nan,nan,nan,nan,"nan,nan,nan,nan",Varsity,17-18
65-55,nan,W,nan,nan,nan,nan,"nan,nan,nan,nan",Varsity,17-18
76-71 (OT),nan,W,nan,nan,nan,nan,"nan,nan,nan,nan",Varsity,17-18
58-51,nan,W,nan,nan,nan,nan,"nan,nan,nan,nan",Varsity,17-18
65-32,nan,W,nan,nan,nan,nan,"nan,nan,nan,nan",Varsity,17-18
56-54,nan,W,nan,nan,nan,nan,"nan,nan,nan,nan",Varsity,17-18
63-50,nan,W,nan,nan,nan,nan,"nan,nan,nan,nan",Varsity,17-18
72-47,nan,W,nan,nan,nan,nan,"nan,nan,nan,nan",Varsity,17-18
68-58,nan,L,nan,nan,nan,nan,"nan,nan,nan,nan",Varsity,17-18
65-52,nan,W,nan,nan,nan,nan,"nan,nan,nan,nan",Varsity,17-18
69-49,nan,W,nan,nan,nan,nan,"nan,nan,nan,nan",Varsity,17-18
58-40,nan,W,nan,nan,nan,nan,"nan,nan,nan,nan",Varsity,17-18
93-47,nan,W,nan,nan,nan,nan,"nan,nan,nan,nan",Varsity,17-18
72-50,nan,L,nan,nan,nan,nan,"nan,nan,nan,nan",Varsity,17-18
66-63,nan,W,nan,nan,nan,nan,"nan,nan,nan,nan",Varsity,17-18
72-47,nan,W,nan,nan,nan,nan,"nan,nan,nan,nan",Varsity,17-18
79-48,nan,W,nan,nan,nan,nan,"nan,nan,nan,nan",Varsity,17-18
85-44,nan,W,nan,nan,nan,nan,"nan,nan,nan,nan",Varsity,17-18
68-61,nan,L,nan,nan,nan,nan,"nan,nan,nan,nan",Varsity,17-18
86-71,nan,W,nan,nan,nan,nan,"nan,nan,nan,nan",Varsity,17-18
97-64,nan,W,nan,nan,nan,nan,"nan,nan,nan,nan",Varsity,17-18
69-63,nan,W,nan,nan,nan,nan,"nan,nan,nan,nan",Varsity,17-18
81-71,nan,W,nan,nan,nan,nan,"nan,nan,nan,nan",Varsity,17-18
69-63,nan,W,nan,nan,nan,nan,"nan,nan,nan,nan",Varsity,17-18
69-56,nan,W,nan,nan,nan,nan,"nan,nan,nan,nan",Varsity,17-18
53-49,nan,L,nan,nan,nan,nan,"nan,nan,nan,nan",Varsity,17-18
66-57,nan,W,nan,nan,nan,nan,"nan,nan,nan,nan",Varsity,17-18
65-58,nan,W,nan,nan,nan,nan,"nan,nan,nan,nan",Varsity,17-18
71-62,nan,L,nan,nan,nan,nan,"nan,nan,nan,nan",Varsity,17-18
77-51,nan,W,nan,nan,nan,nan,"nan,nan,nan,nan",Varsity,17-18
84-67,nan,W,nan,nan,nan,nan,"nan,nan,nan,nan",Varsity,17-18
82-80 (OT),nan,W,nan,nan,nan,nan,"nan,nan,nan,nan",Varsity,17-18
77-40,nan,W,nan,nan,nan,nan,"nan,nan,nan,nan",Varsity,17-18
83-72,nan,W,nan,nan,nan,nan,"nan,nan,nan,nan",Varsity,17-18
75-68,nan,L,nan,nan,nan,nan,"nan,nan,nan,nan",Varsity,17-18
77-47,nan,W,nan,nan,nan,nan,"nan,nan,nan,nan",Varsity,17-18
85-49,nan,W,nan,nan,nan,nan,"nan,nan,nan,nan",Varsity,17-18
61-55,nan,W,nan,nan,nan,nan,"nan,nan,nan,nan",Varsity,17-18
74-71,nan,W,nan,nan,nan,nan,"nan,nan,nan,nan",Varsity,17-18
55-48,nan,W,nan,nan,nan,nan,"nan,nan,nan,nan",Varsity,17-18
92-69,nan,W,nan,nan,nan,nan,"nan,nan,nan,nan",Varsity,17-18
82-53,nan,W,nan,nan,nan,nan,"nan,nan,nan,nan",Varsity,17-18
50-49,nan,W,nan,nan,nan,nan,"nan,nan,nan,nan",Varsity,17-18
72-57,nan,W,nan,nan,nan,nan,"nan,nan,nan,nan",Varsity,17-18
84-47,nan,W,nan,nan,nan,nan,"nan,nan,nan,nan",Varsity,17-18
57-46,nan,W,nan,nan,nan,nan,"nan,nan,nan,nan",Varsity,17-18
75-68,nan,W,nan,nan,nan,nan,"nan,nan,nan,nan",Varsity,17-18
62-41,nan,W,nan,nan,nan,nan,"nan,nan,nan,nan",Varsity,17-18
65-55,nan,W,nan,nan,nan,nan,"nan,nan,nan,nan",Varsity,17-18
72-67,nan,W,nan,nan,nan,nan,"nan,nan,nan,nan",Varsity,17-18
69-34,nan,W,nan,nan,nan,nan,"nan,nan,nan,nan",Varsity,17-18
88-37,nan,W,nan,nan,nan,nan,"nan,nan,nan,nan",Varsity,17-18
56-43,nan,W,nan,nan,nan,nan,"nan,nan,nan,nan",Varsity,17-18
80-71,nan,L,nan,nan,nan,nan,"nan,nan,nan,nan",Varsity,17-18
62-35,nan,W,nan,nan,nan,nan,"nan,nan,nan,nan",Varsity,17-18
75-47,nan,W,nan,nan,nan,nan,"nan,nan,nan,nan",Varsity,17-18
59-54,nan,W,nan,nan,nan,nan,"nan,nan,nan,nan",Varsity,17-18
84-50,nan,W,nan,nan,nan,nan,"nan,nan,nan,nan",Varsity,17-18
42-15,nan,W,nan,nan,nan,nan,"nan,nan,nan,nan",Varsity,17-18
61-48,nan,W,nan,nan,nan,nan,"nan,nan,nan,nan",Varsity,17-18
70-39,nan,W,nan,nan,nan,nan,"nan,nan,nan,nan",Varsity,17-18
75-29,nan,W,nan,nan,nan,nan,"nan,nan,nan,nan",Varsity,17-18
58-49,nan,W,nan,nan,nan,nan,"nan,nan,nan,nan",Varsity,17-18
90-53,nan,W,nan,nan,nan,nan,"nan,nan,nan,nan",Varsity,17-18
55-27,nan,W,nan,nan,nan,nan,"nan,nan,nan,nan",Varsity,17-18
72-19,nan,W,nan,nan,nan,nan,"nan,nan,nan,nan",Varsity,17-18
66-60,nan,W,nan,nan,nan,nan,"nan,nan,nan,nan",Varsity,17-18
48-38,nan,W,nan,nan,nan,nan,"nan,nan,nan,nan",Varsity,17-18
62-50,nan,W,nan,nan,nan,nan,"nan,nan,nan,nan",Varsity,17-18
77-35,nan,W,nan,nan,nan,nan,"nan,nan,nan,nan",Varsity,17-18
71-46,nan,W,nan,nan,nan,nan,"nan,nan,nan,nan",Varsity,17-18
58-35,nan,W,nan,nan,nan,nan,"nan,nan,nan,nan",Varsity,17-18
52-31,nan,W,nan,nan,nan,nan,"nan,nan,nan,nan",Varsity,17-18
74-49,nan,W,nan,nan,nan,nan,"nan,nan,nan,nan",Varsity,17-18
81-38,nan,W,nan,nan,nan,nan,"nan,nan,nan,nan",Varsity,17-18
57-55,nan,W,nan,nan,nan,nan,"nan,nan,nan,nan",Varsity,17-18
80-78 (OT),nan,L,nan,nan,nan,nan,"nan,nan,nan,nan",Varsity,17-18
90-63,nan,W,nan,nan,nan,nan,"nan,nan,nan,nan",Varsity,17-18
84-31,nan,W,nan,nan,nan,nan,"nan,nan,nan,nan",Varsity,17-18
71-38,nan,W,nan,nan,nan,nan,"nan,nan,nan,nan",Varsity,17-18
81-76,nan,W,nan,nan,nan,nan,"nan,nan,nan,nan",Varsity,17-18
92-34,nan,W,nan,nan,nan,nan,"nan,nan,nan,nan",Varsity,17-18
96-45,nan,W,nan,nan,nan,nan,"nan,nan,nan,nan",Varsity,17-18
84-59,nan,W,nan,nan,nan,nan,"nan,nan,nan,nan",Varsity,17-18
79-63,nan,W,nan,nan,nan,nan,"nan,nan,nan,nan",Varsity,17-18
87-81,nan,W,nan,nan,nan,nan,"nan,nan,nan,nan",Varsity,17-18
65-62,nan,L,nan,nan,nan,nan,"nan,nan,nan,nan",Varsity,17-18
84-79,nan,W,nan,nan,nan,nan,"nan,nan,nan,nan",Varsity,17-18
76-57,nan,W,nan,nan,nan,nan,"nan,nan,nan,nan",Varsity,17-18
82-80 (OT),nan,L,nan,nan,nan,nan,"nan,nan,nan,nan",Varsity,17-18
70-68,nan,W,nan,nan,nan,nan,"nan,nan,nan,nan",Varsity,17-18
104-56,nan,W,nan,nan,nan,nan,"nan,nan,nan,nan",Varsity,17-18
75-69,nan,W,nan,nan,nan,nan,"nan,nan,nan,nan",Varsity,17-18
85-47,nan,W,nan,nan,nan,nan,"nan,nan,nan,nan",Varsity,17-18
73-55,nan,W,nan,nan,nan,nan,"nan,nan,nan,nan",Varsity,17-18
82-31,nan,W,nan,nan,nan,nan,"nan,nan,nan,nan",Varsity,17-18
80-60,nan,W,nan,nan,nan,nan,"nan,nan,nan,nan",Varsity,17-18
84-28,nan,W,nan,nan,nan,nan,"nan,nan,nan,nan",Varsity,17-18
97-47,nan,W,nan,nan,nan,nan,"nan,nan,nan,nan",Varsity,17-18
83-79,nan,W,nan,nan,nan,nan,"nan,nan,nan,nan",Varsity,17-18
77-74 (2OT),nan,W,nan,nan,nan,nan,"nan,nan,nan,nan",Varsity,17-18
55-53,nan,L,nan,nan,nan,nan,"nan,nan,nan,nan",Varsity,17-18
88-62,nan,W,nan,nan,nan,nan,"nan,nan,nan,nan",Varsity,17-18
72-70,nan,W,nan,nan,nan,nan,"nan,nan,nan,nan",Varsity,17-18
58-55,nan,W,nan,nan,nan,nan,"nan,nan,nan,nan",Varsity,17-18
75-62,nan,W,nan,nan,nan,nan,"nan,nan,nan,nan",Varsity,17-18
87-42,nan,W,nan,nan,nan,nan,"nan,nan,nan,nan",Varsity,17-18
85-65,nan,W,nan,nan,nan,nan,"nan,nan,nan,nan",Varsity,17-18
71-65,nan,W,nan,nan,nan,nan,"nan,nan,nan,nan",Varsity,17-18
84-74,nan,L,nan,nan,nan,nan,"nan,nan,nan,nan",Varsity,17-18
67-43,nan,W,nan,nan,nan,nan,"nan,nan,nan,nan",Varsity,17-18
71-50,nan,W,nan,nan,nan,nan,"nan,nan,nan,nan",Varsity,17-18
64-37,nan,W,nan,nan,nan,nan,"nan,nan,nan,nan",Varsity,17-18
80-64,nan,W,nan,nan,nan,nan,"nan,nan,nan,nan",Varsity,17-18
72-50,nan,W,nan,nan,nan,nan,"nan,nan,nan,nan",Varsity,17-18
81-43,nan,W,nan,nan,nan,nan,"nan,nan,nan,nan",Varsity,17-18
65-63,nan,W,nan,nan,nan,nan,"nan,nan,nan,nan",Varsity,17-18
72-53,nan,W,nan,nan,nan,nan,"nan,nan,nan,nan",Varsity,17-18
62-61,nan,W,nan,nan,nan,nan,"nan,nan,nan,nan",Varsity,17-18
65-40,nan,W,nan,nan,nan,nan,"nan,nan,nan,nan",Varsity,17-18
68-51,nan,W,nan,nan,nan,nan,"nan,nan,nan,nan",Varsity,17-18
67-56,nan,W,nan,nan,nan,nan,"nan,nan,nan,nan",Varsity,17-18
85-60,nan,W,nan,nan,nan,nan,"nan,nan,nan,nan",Varsity,17-18
70-56,nan,W,nan,nan,nan,nan,"nan,nan,nan,nan",Varsity,17-18
81-77 (OT),nan,L,nan,nan,nan,nan,"nan,nan,nan,nan",Varsity,17-18
82-53,nan,W,nan,nan,nan,nan,"nan,nan,nan,nan",Varsity,17-18
71-41,nan,W,nan,nan,nan,nan,"nan,nan,nan,nan",Varsity,17-18
78-67,nan,W,nan,nan,nan,nan,"nan,nan,nan,nan",Varsity,17-18
73-54,nan,W,nan,nan,nan,nan,"nan,nan,nan,nan",Varsity,17-18
82-54,nan,W,nan,nan,nan,nan,"nan,nan,nan,nan",Varsity,17-18
70-39,nan,W,nan,nan,nan,nan,"nan,nan,nan,nan",Varsity,17-18
82-55,nan,W,nan,nan,nan,nan,"nan,nan,nan,nan",Varsity,17-18
100-44,nan,W,nan,nan,nan,nan,"nan,nan,nan,nan",Varsity,17-18
69-52,nan,W,nan,nan,nan,nan,"nan,nan,nan,nan",Varsity,17-18
68-44,nan,W,nan,nan,nan,nan,"nan,nan,nan,nan",Varsity,17-18
66-33,nan,W,nan,nan,nan,nan,"nan,nan,nan,nan",Varsity,17-18
67-47,nan,W,nan,nan,nan,nan,"nan,nan,nan,nan",Varsity,17-18
81-43,nan,W,nan,nan,nan,nan,"nan,nan,nan,nan",Varsity,17-18
64-53,nan,W,nan,nan,nan,nan,"nan,nan,nan,nan",Varsity,17-18
60-56,nan,W,nan,nan,nan,nan,"nan,nan,nan,nan",Varsity,17-18
96-12,nan,W,nan,nan,nan,nan,"nan,nan,nan,nan",Varsity,17-18
67-26,nan,W,nan,nan,nan,nan,"nan,nan,nan,nan",Varsity,17-18
60-48,nan,W,nan,nan,nan,nan,"nan,nan,nan,nan",Varsity,17-18
51-50,nan,W,nan,nan,nan,nan,"nan,nan,nan,nan",Varsity,17-18
72-38,nan,W,nan,nan,nan,nan,"nan,nan,nan,nan",Varsity,17-18
76-31,nan,W,nan,nan,nan,nan,"nan,nan,nan,nan",Varsity,17-18
79-30,nan,W,nan,nan,nan,nan,"nan,nan,nan,nan",Varsity,17-18
87-31,nan,W,nan,nan,nan,nan,"nan,nan,nan,nan",Varsity,17-18
94-46,nan,W,nan,nan,nan,nan,"nan,nan,nan,nan",Varsity,17-18
103-67,nan,W,nan,nan,nan,nan,"nan,nan,nan,nan",Varsity,17-18
55-36,nan,W,nan,nan,nan,nan,"nan,nan,nan,nan",Varsity,17-18
63-38,nan,W,nan,nan,nan,nan,"nan,nan,nan,nan",Varsity,17-18
65-62,nan,W,nan,nan,nan,nan,"nan,nan,nan,nan",Varsity,17-18
56-42,nan,W,nan,nan,nan,nan,"nan,nan,nan,nan",Varsity,17-18
63-52,nan,W,nan,nan,nan,nan,"nan,nan,nan,nan",Varsity,17-18
68-42,nan,W,nan,nan,nan,nan,"nan,nan,nan,nan",Varsity,17-18
61-40,nan,W,nan,nan,nan,nan,"nan,nan,nan,nan",Varsity,17-18
79-62,nan,W,nan,nan,nan,nan,"nan,nan,nan,nan",Varsity,17-18
64-61,nan,W,nan,nan,nan,nan,"nan,nan,nan,nan",Varsity,17-18
67-66,nan,W,nan,nan,nan,nan,"nan,nan,nan,nan",Varsity,17-18
73-41,nan,W,nan,nan,nan,nan,"nan,nan,nan,nan",Varsity,17-18
60-43,nan,W,nan,nan,nan,nan,"nan,nan,nan,nan",Varsity,17-18
55-46,nan,W,nan,nan,nan,nan,"nan,nan,nan,nan",Varsity,17-18
83-59,nan,W,nan,nan,nan,nan,"nan,nan,nan,nan",Varsity,17-18
67-63,nan,W,nan,nan,nan,nan,"nan,nan,nan,nan",Varsity,17-18
60-43,nan,W,nan,nan,nan,nan,"nan,nan,nan,nan",Varsity,17-18
77-74 (2OT),nan,L,nan,nan,nan,nan,"nan,nan,nan,nan",Varsity,17-18
65-51,nan,W,nan,nan,nan,nan,"nan,nan,nan,nan",Varsity,17-18
56-34,nan,W,nan,nan,nan,nan,"nan,nan,nan,nan",Varsity,17-18
72-70,nan,L,nan,nan,nan,nan,"nan,nan,nan,nan",Varsity,17-18
62-33,nan,W,nan,nan,nan,nan,"nan,nan,nan,nan",Varsity,17-18
60-32,nan,W,nan,nan,nan,nan,"nan,nan,nan,nan",Varsity,17-18
68-51,nan,W,nan,nan,nan,nan,"nan,nan,nan,nan",Varsity,17-18
69-41,nan,W,nan,nan,nan,nan,"nan,nan,nan,nan",Varsity,17-18
55-52,nan,W,nan,nan,nan,nan,"nan,nan,nan,nan",Varsity,17-18
61-33,nan,W,nan,nan,nan,nan,"nan,nan,nan,nan",Varsity,17-18
76-48,nan,W,nan,nan,nan,nan,"nan,nan,nan,nan",Varsity,17-18
44-28,nan,W,nan,nan,nan,nan,"nan,nan,nan,nan",Varsity,17-18
63-51,nan,W,nan,nan,nan,nan,"nan,nan,nan,nan",Varsity,17-18
53-44,nan,W,nan,nan,nan,nan,"nan,nan,nan,nan",Varsity,17-18
68-40,nan,W,nan,nan,nan,nan,"nan,nan,nan,nan",Varsity,17-18
66-33,nan,W,nan,nan,nan,nan,"nan,nan,nan,nan",Varsity,17-18
62-55,nan,W,nan,nan,nan,nan,"nan,nan,nan,nan",Varsity,17-18
64-25,nan,W,nan,nan,nan,nan,"nan,nan,nan,nan",Varsity,17-18
64-57,nan,W,nan,nan,nan,nan,"nan,nan,nan,nan",Varsity,17-18
61-57 (OT),nan,W,nan,nan,nan,nan,"nan,nan,nan,nan",Varsity,17-18
65-36,nan,W,nan,nan,nan,nan,"nan,nan,nan,nan",Varsity,17-18
71-35,nan,W,nan,nan,nan,nan,"nan,nan,nan,nan",Varsity,17-18
55-38,nan,W,nan,nan,nan,nan,"nan,nan,nan,nan",Varsity,17-18
60-43,nan,W,nan,nan,nan,nan,"nan,nan,nan,nan",Varsity,17-18
71-26,nan,W,nan,nan,nan,nan,"nan,nan,nan,nan",Varsity,17-18
55-38,nan,W,nan,nan,nan,nan,"nan,nan,nan,nan",Varsity,17-18
56-53,nan,W,nan,nan,nan,nan,"nan,nan,nan,nan",Varsity,17-18
59-52,nan,W,nan,nan,nan,nan,"nan,nan,nan,nan",Varsity,17-18
53-50 (OT),nan,W,nan,nan,nan,nan,"nan,nan,nan,nan",Varsity,17-18
54-52,nan,W,nan,nan,nan,nan,"nan,nan,nan,nan",Varsity,17-18
67-49,nan,W,nan,nan,nan,nan,"nan,nan,nan,nan",Varsity,17-18
63-36,nan,W,nan,nan,nan,nan,"nan,nan,nan,nan",Varsity,17-18
94-42,nan,W,nan,nan,nan,nan,"nan,nan,nan,nan",Varsity,17-18
75-56,nan,W,nan,nan,nan,nan,"nan,nan,nan,nan",Varsity,17-18
69-43,nan,W,nan,nan,nan,nan,"nan,nan,nan,nan",Varsity,17-18
65-57,nan,W,nan,nan,nan,nan,"nan,nan,nan,nan",Varsity,17-18
72-65,nan,W,nan,nan,nan,nan,"nan,nan,nan,nan",Varsity,17-18
74-61,nan,W,nan,nan,nan,nan,"nan,nan,nan,nan",Varsity,17-18
69-63,nan,L,nan,nan,nan,nan,"nan,nan,nan,nan",Varsity,17-18
55-53,nan,W,nan,nan,nan,nan,"nan,nan,nan,nan",Varsity,17-18
84-45,nan,W,nan,nan,nan,nan,"nan,nan,nan,nan",Varsity,17-18
84-48,nan,W,nan,nan,nan,nan,"nan,nan,nan,nan",Varsity,17-18
78-59,nan,W,nan,nan,nan,nan,"nan,nan,nan,nan",Varsity,17-18
64-46,nan,W,nan,nan,nan,nan,"nan,nan,nan,nan",Varsity,17-18
70-45,nan,W,nan,nan,nan,nan,"nan,nan,nan,nan",Varsity,17-18
68-60,nan,W,nan,nan,nan,nan,"nan,nan,nan,nan",Varsity,17-18
78-55,nan,W,nan,nan,nan,nan,"nan,nan,nan,nan",Varsity,17-18
76-62,nan,W,nan,nan,nan,nan,"nan,nan,nan,nan",Varsity,17-18
91-51,nan,W,nan,nan,nan,nan,"nan,nan,nan,nan",Varsity,17-18
53-51,nan,W,nan,nan,nan,nan,"nan,nan,nan,nan",Varsity,17-18
51-36,nan,W,nan,nan,nan,nan,"nan,nan,nan,nan",Varsity,17-18
62-33,nan,W,nan,nan,nan,nan,"nan,nan,nan,nan",Varsity,17-18
86-74,nan,W,nan,nan,nan,nan,"nan,nan,nan,nan",Varsity,17-18
80-37,nan,W,nan,nan,nan,nan,"nan,nan,nan,nan",Varsity,17-18
80-70,nan,W,nan,nan,nan,nan,"nan,nan,nan,nan",Varsity,17-18
66-38,nan,W,nan,nan,nan,nan,"nan,nan,nan,nan",Varsity,17-18
91-52,nan,W,nan,nan,nan,nan,"nan,nan,nan,nan",Varsity,17-18
69-52,nan,W,nan,nan,nan,nan,"nan,nan,nan,nan",Varsity,17-18
75-34,nan,W,nan,nan,nan,nan,"nan,nan,nan,nan",Varsity,17-18
69-29,nan,W,nan,nan,nan,nan,"nan,nan,nan,nan",Varsity,17-18
67-53,nan,W,nan,nan,nan,nan,"nan,nan,nan,nan",Varsity,17-18
75-70,nan,L,nan,nan,nan,nan,"nan,nan,nan,nan",Varsity,17-18
84-56,nan,W,nan,nan,nan,nan,"nan,nan,nan,nan",Varsity,17-18
50-49,nan,L,nan,nan,nan,nan,"nan,nan,nan,nan",Varsity,17-18
83-64,nan,W,nan,nan,nan,nan,"nan,nan,nan,nan",Varsity,17-18
91-69,nan,W,nan,nan,nan,nan,"nan,nan,nan,nan",Varsity,17-18
91-89,nan,L,nan,nan,nan,nan,"nan,nan,nan,nan",Varsity,17-18
64-44,nan,W,nan,nan,nan,nan,"nan,nan,nan,nan",Varsity,17-18
75-69,nan,W,nan,nan,nan,nan,"nan,nan,nan,nan",Varsity,17-18
74-65,nan,W,nan,nan,nan,nan,"nan,nan,nan,nan",Varsity,17-18
81-31,nan,W,nan,nan,nan,nan,"nan,nan,nan,nan",Varsity,17-18
74-48,nan,W,nan,nan,nan,nan,"nan,nan,nan,nan",Varsity,17-18
45-42,nan,W,nan,nan,nan,nan,"nan,nan,nan,nan",Varsity,17-18
93-38,nan,W,nan,nan,nan,nan,"nan,nan,nan,nan",Varsity,17-18
77-62,nan,W,nan,nan,nan,nan,"nan,nan,nan,nan",Varsity,17-18
62-52,nan,W,nan,nan,nan,nan,"nan,nan,nan,nan",Varsity,17-18
91-62,nan,W,nan,nan,nan,nan,"nan,nan,nan,nan",Varsity,17-18
92-81,nan,L,nan,nan,nan,nan,"nan,nan,nan,nan",Varsity,17-18
71-56,nan,W,nan,nan,nan,nan,"nan,nan,nan,nan",Varsity,17-18
57-53,nan,W,nan,nan,nan,nan,"nan,nan,nan,nan",Varsity,17-18
74-62,nan,W,nan,nan,nan,nan,"nan,nan,nan,nan",Varsity,17-18
61-50,nan,W,nan,nan,nan,nan,"nan,nan,nan,nan",Varsity,17-18
75-65,nan,W,nan,nan,nan,nan,"nan,nan,nan,nan",Varsity,17-18
77-74 (OT),nan,W,nan,nan,nan,nan,"nan,nan,nan,nan",Varsity,17-18
74-42,nan,W,nan,nan,nan,nan,"nan,nan,nan,nan",Varsity,17-18
72-51,nan,W,nan,nan,nan,nan,"nan,nan,nan,nan",Varsity,17-18
59-57,nan,W,nan,nan,nan,nan,"nan,nan,nan,nan",Varsity,17-18
71-59,nan,W,nan,nan,nan,nan,"nan,nan,nan,nan",Varsity,17-18
69-59,nan,L,nan,nan,nan,nan,"nan,nan,nan,nan",Varsity,17-18
105-35,nan,W,nan,nan,nan,nan,"nan,nan,nan,nan",Varsity,17-18
72-63,nan,W,nan,nan,nan,nan,"nan,nan,nan,nan",Varsity,17-18
75-66,nan,W,nan,nan,nan,nan,"nan,nan,nan,nan",Varsity,17-18
53-29,nan,W,nan,nan,nan,nan,"nan,nan,nan,nan",Varsity,17-18
74-64,nan,W,nan,nan,nan,nan,"nan,nan,nan,nan",Varsity,17-18
60-49,nan,W,nan,nan,nan,nan,"nan,nan,nan,nan",Varsity,17-18
76-49,nan,W,nan,nan,nan,nan,"nan,nan,nan,nan",Varsity,17-18
79-47,nan,W,nan,nan,nan,nan,"nan,nan,nan,nan",Varsity,17-18
79-62,nan,W,nan,nan,nan,nan,"nan,nan,nan,nan",Varsity,17-18
68-52,nan,W,nan,nan,nan,nan,"nan,nan,nan,nan",Varsity,17-18
84-60,nan,W,nan,nan,nan,nan,"nan,nan,nan,nan",Varsity,17-18
82-53,nan,W,nan,nan,nan,nan,"nan,nan,nan,nan",Varsity,17-18
82-53,nan,W,nan,nan,nan,nan,"nan,nan,nan,nan",Varsity,17-18
63-49,nan,W,nan,nan,nan,nan,"nan,nan,nan,nan",Varsity,17-18
63-47,nan,W,nan,nan,nan,nan,"nan,nan,nan,nan",Varsity,17-18
90-73,nan,W,nan,nan,nan,nan,"nan,nan,nan,nan",Varsity,17-18
75-66,nan,W,nan,nan,nan,nan,"nan,nan,nan,nan",Varsity,17-18
81-56,nan,W,nan,nan,nan,nan,"nan,nan,nan,nan",Varsity,17-18
72-41,nan,W,nan,nan,nan,nan,"nan,nan,nan,nan",Varsity,17-18
80-73,nan,W,nan,nan,nan,nan,"nan,nan,nan,nan",Varsity,17-18
81-67,nan,W,nan,nan,nan,nan,"nan,nan,nan,nan",Varsity,17-18
66-57,nan,W,nan,nan,nan,nan,"nan,nan,nan,nan",Varsity,17-18
83-81 (2OT),nan,W,nan,nan,nan,nan,"nan,nan,nan,nan",Varsity,17-18
70-67,nan,W,nan,nan,nan,nan,"nan,nan,nan,nan",Varsity,17-18
75-66,nan,W,nan,nan,nan,nan,"nan,nan,nan,nan",Varsity,17-18
77-64,nan,W,nan,nan,nan,nan,"nan,nan,nan,nan",Varsity,17-18
94-74,nan,W,nan,nan,nan,nan,"nan,nan,nan,nan",Varsity,17-18
77-64,nan,W,nan,nan,nan,nan,"nan,nan,nan,nan",Varsity,17-18
85-70,nan,W,nan,nan,nan,nan,"nan,nan,nan,nan",Varsity,17-18
67-53,nan,W,nan,nan,nan,nan,"nan,nan,nan,nan",Varsity,17-18
75-55,nan,W,nan,nan,nan,nan,"nan,nan,nan,nan",Varsity,17-18
73-69,nan,W,nan,nan,nan,nan,"nan,nan,nan,nan",Varsity,17-18
67-63,nan,W,nan,nan,nan,nan,"nan,nan,nan,nan",Varsity,17-18
69-59,nan,W,nan,nan,nan,nan,"nan,nan,nan,nan",Varsity,17-18
70-67,nan,W,nan,nan,nan,nan,"nan,nan,nan,nan",Varsity,17-18
69-65,nan,W,nan,nan,nan,nan,"nan,nan,nan,nan",Varsity,17-18
83-48,nan,W,nan,nan,nan,nan,"nan,nan,nan,nan",Varsity,17-18
55-33,nan,W,nan,nan,nan,nan,"nan,nan,nan,nan",Varsity,17-18
92-74,nan,W,nan,nan,nan,nan,"nan,nan,nan,nan",Varsity,17-18
81-60,nan,L,nan,nan,nan,nan,"nan,nan,nan,nan",Varsity,17-18
86-71,nan,L,nan,nan,nan,nan,"nan,nan,nan,nan",Varsity,17-18
85-81,nan,L,nan,nan,nan,nan,"nan,nan,nan,nan",Varsity,17-18
66-64,nan,W,nan,nan,nan,nan,"nan,nan,nan,nan",Varsity,17-18
54-49,nan,L,nan,nan,nan,nan,"nan,nan,nan,nan",Varsity,17-18
73-69,nan,L,nan,nan,nan,nan,"nan,nan,nan,nan",Varsity,17-18
80-59,nan,L,nan,nan,nan,nan,"nan,nan,nan,nan",Varsity,17-18
89-65,nan,W,nan,nan,nan,nan,"nan,nan,nan,nan",Varsity,17-18
91-38,nan,W,nan,nan,nan,nan,"nan,nan,nan,nan",Varsity,17-18
79-56,nan,W,nan,nan,nan,nan,"nan,nan,nan,nan",Varsity,17-18
88-81,nan,W,nan,nan,nan,nan,"nan,nan,nan,nan",Varsity,17-18
85-72,nan,W,nan,nan,nan,nan,"nan,nan,nan,nan",Varsity,17-18
67-53,nan,L,nan,nan,nan,nan,"nan,nan,nan,nan",Varsity,17-18
70-64,nan,W,nan,nan,nan,nan,"nan,nan,nan,nan",Varsity,17-18
64-63,nan,L,nan,nan,nan,nan,"nan,nan,nan,nan",Varsity,17-18
79-63,nan,W,nan,nan,nan,nan,"nan,nan,nan,nan",Varsity,17-18
90-74,nan,W,nan,nan,nan,nan,"nan,nan,nan,nan",Varsity,17-18
66-50,nan,W,nan,nan,nan,nan,"nan,nan,nan,nan",Varsity,17-18
75-56,nan,W,nan,nan,nan,nan,"nan,nan,nan,nan",Varsity,17-18
67-63,nan,L,nan,nan,nan,nan,"nan,nan,nan,nan",Varsity,17-18
58-47,nan,W,nan,nan,nan,nan,"nan,nan,nan,nan",Varsity,17-18
81-63,nan,L,nan,nan,nan,nan,"nan,nan,nan,nan",Varsity,17-18
66-65,nan,L,nan,nan,nan,nan,"nan,nan,nan,nan",Varsity,17-18
89-78,nan,W,nan,nan,nan,nan,"nan,nan,nan,nan",Varsity,17-18
73-58,nan,W,nan,nan,nan,nan,"nan,nan,nan,nan",Varsity,17-18
90-78,nan,W,nan,nan,nan,nan,"nan,nan,nan,nan",Varsity,17-18
87-74,nan,W,nan,nan,nan,nan,"nan,nan,nan,nan",Varsity,17-18
89-78,nan,W,nan,nan,nan,nan,"nan,nan,nan,nan",Varsity,17-18
72-56,nan,W,nan,nan,nan,nan,"nan,nan,nan,nan",Varsity,17-18
69-54,nan,W,nan,nan,nan,nan,"nan,nan,nan,nan",Varsity,17-18
80-76,nan,W,nan,nan,nan,nan,"nan,nan,nan,nan",Varsity,17-18
77-74,nan,W,nan,nan,nan,nan,"nan,nan,nan,nan",Varsity,17-18
67-51,nan,W,nan,nan,nan,nan,"nan,nan,nan,nan",Varsity,17-18
73-68,nan,W,nan,nan,nan,nan,"nan,nan,nan,nan",Varsity,17-18
57-55,nan,W,nan,nan,nan,nan,"nan,nan,nan,nan",Varsity,17-18
64-46,nan,W,nan,nan,nan,nan,"nan,nan,nan,nan",Varsity,17-18
71-35,nan,W,nan,nan,nan,nan,"nan,nan,nan,nan",Varsity,17-18
79-37,nan,W,nan,nan,nan,nan,"nan,nan,nan,nan",Varsity,17-18
72-52,nan,W,nan,nan,nan,nan,"nan,nan,nan,nan",Varsity,17-18
90-41,nan,W,nan,nan,nan,nan,"nan,nan,nan,nan",Varsity,17-18
78-70,nan,W,nan,nan,nan,nan,"nan,nan,nan,nan",Varsity,17-18
67-40,nan,W,nan,nan,nan,nan,"nan,nan,nan,nan",Varsity,17-18
49-43,nan,W,nan,nan,nan,nan,"nan,nan,nan,nan",Varsity,17-18
61-55,nan,L,nan,nan,nan,nan,"nan,nan,nan,nan",Varsity,17-18
68-49,nan,W,nan,nan,nan,nan,"nan,nan,nan,nan",Varsity,17-18
76-50,nan,W,nan,nan,nan,nan,"nan,nan,nan,nan",Varsity,17-18
81-46,nan,W,nan,nan,nan,nan,"nan,nan,nan,nan",Varsity,17-18
68-30,nan,W,nan,nan,nan,nan,"nan,nan,nan,nan",Varsity,17-18
71-62,nan,W,nan,nan,nan,nan,"nan,nan,nan,nan",Varsity,17-18
75-74,nan,W,nan,nan,nan,nan,"nan,nan,nan,nan",Varsity,17-18
62-48,nan,W,nan,nan,nan,nan,"nan,nan,nan,nan",Varsity,17-18
87-53,nan,W,nan,nan,nan,nan,"nan,nan,nan,nan",Varsity,17-18
65-38,nan,W,nan,nan,nan,nan,"nan,nan,nan,nan",Varsity,17-18
79-49,nan,W,nan,nan,nan,nan,"nan,nan,nan,nan",Varsity,17-18
70-65,nan,W,nan,nan,nan,nan,"nan,nan,nan,nan",Varsity,17-18
78-36,nan,W,nan,nan,nan,nan,"nan,nan,nan,nan",Varsity,17-18
90-73,nan,W,nan,nan,nan,nan,"nan,nan,nan,nan",Varsity,17-18
79-56,nan,W,nan,nan,nan,nan,"nan,nan,nan,nan",Varsity,17-18
72-40,nan,W,nan,nan,nan,nan,"nan,nan,nan,nan",Varsity,17-18
89-72,nan,W,nan,nan,nan,nan,"nan,nan,nan,nan",Varsity,17-18
60-51,nan,W,nan,nan,nan,nan,"nan,nan,nan,nan",Varsity,17-18
74-66,nan,W,nan,nan,nan,nan,"nan,nan,nan,nan",Varsity,17-18
72-65,nan,W,nan,nan,nan,nan,"nan,nan,nan,nan",Varsity,17-18
59-52,nan,W,nan,nan,nan,nan,"nan,nan,nan,nan",Varsity,17-18
72-45,nan,W,nan,nan,nan,nan,"nan,nan,nan,nan",Varsity,17-18
71-60,nan,W,nan,nan,nan,nan,"nan,nan,nan,nan",Varsity,17-18
87-45,nan,W,nan,nan,nan,nan,"nan,nan,nan,nan",Varsity,17-18
64-59,nan,W,nan,nan,nan,nan,"nan,nan,nan,nan",Varsity,17-18
80-74 (OT),nan,W,nan,nan,nan,nan,"nan,nan,nan,nan",Varsity,17-18
68-60,nan,W,nan,nan,nan,nan,"nan,nan,nan,nan",Varsity,17-18
68-48,nan,W,nan,nan,nan,nan,"nan,nan,nan,nan",Varsity,17-18
58-56,nan,W,nan,nan,nan,nan,"nan,nan,nan,nan",Varsity,17-18
89-48,nan,W,nan,nan,nan,nan,"nan,nan,nan,nan",Varsity,17-18
70-51,nan,W,nan,nan,nan,nan,"nan,nan,nan,nan",Varsity,17-18
63-52,nan,L,nan,nan,nan,nan,"nan,nan,nan,nan",Varsity,17-18
77-66,nan,W,nan,nan,nan,nan,"nan,nan,nan,nan",Varsity,17-18
76-50,nan,W,nan,nan,nan,nan,"nan,nan,nan,nan",Varsity,17-18
54-45,nan,W,nan,nan,nan,nan,"nan,nan,nan,nan",Varsity,17-18
53-47,nan,L,nan,nan,nan,nan,"nan,nan,nan,nan",Varsity,17-18
64-63,nan,L,nan,nan,nan,nan,"nan,nan,nan,nan",Varsity,17-18
87-39,nan,W,nan,nan,nan,nan,"nan,nan,nan,nan",Varsity,17-18
78-38,nan,W,nan,nan,nan,nan,"nan,nan,nan,nan",Varsity,17-18
62-60,nan,W,nan,nan,nan,nan,"nan,nan,nan,nan",Varsity,17-18
77-38,nan,W,nan,nan,nan,nan,"nan,nan,nan,nan",Varsity,17-18
64-26,nan,W,nan,nan,nan,nan,"nan,nan,nan,nan",Varsity,17-18
87-59,nan,W,nan,nan,nan,nan,"nan,nan,nan,nan",Varsity,17-18
72-39,nan,W,nan,nan,nan,nan,"nan,nan,nan,nan",Varsity,17-18
97-54,nan,W,nan,nan,nan,nan,"nan,nan,nan,nan",Varsity,17-18
84-46,nan,W,nan,nan,nan,nan,"nan,nan,nan,nan",Varsity,17-18
89-51,nan,W,nan,nan,nan,nan,"nan,nan,nan,nan",Varsity,17-18
76-62,nan,W,nan,nan,nan,nan,"nan,nan,nan,nan",Varsity,17-18
82-36,nan,W,nan,nan,nan,nan,"nan,nan,nan,nan",Varsity,17-18
67-24,nan,W,nan,nan,nan,nan,"nan,nan,nan,nan",Varsity,17-18
78-34,nan,W,nan,nan,nan,nan,"nan,nan,nan,nan",Varsity,17-18
81-57,nan,W,nan,nan,nan,nan,"nan,nan,nan,nan",Varsity,17-18
87-57,nan,W,nan,nan,nan,nan,"nan,nan,nan,nan",Varsity,17-18
61-49,nan,W,nan,nan,nan,nan,"nan,nan,nan,nan",Varsity,17-18
65-63,nan,W,nan,nan,nan,nan,"nan,nan,nan,nan",Varsity,17-18
nan-nan,nan,L,nan,nan,nan,nan,"nan,nan,nan,nan",Varsity,17-18
63-62,nan,L,nan,nan,nan,nan,"nan,nan,nan,nan",Varsity,17-18
103-69,nan,W,nan,nan,nan,nan,"nan,nan,nan,nan",Varsity,17-18
81-31,nan,W,nan,nan,nan,nan,"nan,nan,nan,nan",Varsity,17-18
78-44,nan,W,nan,nan,nan,nan,"nan,nan,nan,nan",Varsity,17-18
72-43,nan,W,nan,nan,nan,nan,"nan,nan,nan,nan",Varsity,17-18
77-44,nan,W,nan,nan,nan,nan,"nan,nan,nan,nan",Varsity,17-18
60-41,nan,W,nan,nan,nan,nan,"nan,nan,nan,nan",Varsity,17-18
79-63,nan,W,nan,nan,nan,nan,"nan,nan,nan,nan",Varsity,17-18
88-57,nan,W,nan,nan,nan,nan,"nan,nan,nan,nan",Varsity,17-18
70-57,nan,W,nan,nan,nan,nan,"nan,nan,nan,nan",Varsity,17-18
75-69,nan,W,nan,nan,nan,nan,"nan,nan,nan,nan",Varsity,17-18
77-71,nan,L,nan,nan,nan,nan,"nan,nan,nan,nan",Varsity,17-18
66-59,nan,L,nan,nan,nan,nan,"nan,nan,nan,nan",Varsity,17-18
57-41,nan,W,nan,nan,nan,nan,"nan,nan,nan,nan",Varsity,17-18
69-52,nan,W,nan,nan,nan,nan,"nan,nan,nan,nan",Varsity,17-18
65-60,nan,W,nan,nan,nan,nan,"nan,nan,nan,nan",Varsity,17-18
68-66,nan,W,nan,nan,nan,nan,"nan,nan,nan,nan",Varsity,17-18
67-60,nan,L,nan,nan,nan,nan,"nan,nan,nan,nan",Varsity,17-18
81-58,nan,W,nan,nan,nan,nan,"nan,nan,nan,nan",Varsity,17-18
79-67,nan,W,nan,nan,nan,nan,"nan,nan,nan,nan",Varsity,17-18
72-47,nan,W,nan,nan,nan,nan,"nan,nan,nan,nan",Varsity,17-18
60-58,nan,W,nan,nan,nan,nan,"nan,nan,nan,nan",Varsity,17-18
56-45,nan,W,nan,nan,nan,nan,"nan,nan,nan,nan",Varsity,17-18
56-45,nan,W,nan,nan,nan,nan,"nan,nan,nan,nan",Varsity,17-18
58-41,nan,W,nan,nan,nan,nan,"nan,nan,nan,nan",Varsity,17-18
58-41,nan,W,nan,nan,nan,nan,"nan,nan,nan,nan",Varsity,17-18
52-36,nan,W,nan,nan,nan,nan,"nan,nan,nan,nan",Varsity,17-18
60-43,nan,W,nan,nan,nan,nan,"nan,nan,nan,nan",Varsity,17-18
55-51,nan,W,nan,nan,nan,nan,"nan,nan,nan,nan",Varsity,17-18
63-38,nan,W,nan,nan,nan,nan,"nan,nan,nan,nan",Varsity,17-18
54-51,nan,W,nan,nan,nan,nan,"nan,nan,nan,nan",Varsity,17-18
75-65,nan,W,nan,nan,nan,nan,"nan,nan,nan,nan",Varsity,17-18
58-43,nan,W,nan,nan,nan,nan,"nan,nan,nan,nan",Varsity,17-18
nan-nan,nan,L,nan,nan,nan,nan,"nan,nan,nan,nan",Varsity,17-18
90-33,nan,W,nan,nan,nan,nan,"nan,nan,nan,nan",Varsity,17-18
90-33,nan,W,nan,nan,nan,nan,"nan,nan,nan,nan",Varsity,17-18
89-45,nan,W,nan,nan,nan,nan,"nan,nan,nan,nan",Varsity,17-18
89-45,nan,W,nan,nan,nan,nan,"nan,nan,nan,nan",Varsity,17-18
75-67,nan,L,nan,nan,nan,nan,"nan,nan,nan,nan",Varsity,17-18
60-47,nan,W,nan,nan,nan,nan,"nan,nan,nan,nan",Varsity,17-18
83-79,nan,W,nan,nan,nan,nan,"nan,nan,nan,nan",Varsity,17-18
89-72,nan,W,nan,nan,nan,nan,"nan,nan,nan,nan",Varsity,17-18
72-54,nan,W,nan,nan,nan,nan,"nan,nan,nan,nan",Varsity,17-18
65-34,nan,W,nan,nan,nan,nan,"nan,nan,nan,nan",Varsity,17-18
87-70,nan,W,nan,nan,nan,nan,"nan,nan,nan,nan",Varsity,17-18
63-47,nan,W,nan,nan,nan,nan,"nan,nan,nan,nan",Varsity,17-18
75-64,nan,W,nan,nan,nan,nan,"nan,nan,nan,nan",Varsity,17-18
81-72 (2OT),nan,W,nan,nan,nan,nan,"nan,nan,nan,nan",Varsity,17-18
71-63,nan,W,nan,nan,nan,nan,"nan,nan,nan,nan",Varsity,17-18
77-72,nan,W,nan,nan,nan,nan,"nan,nan,nan,nan",Varsity,17-18
80-53,nan,W,nan,nan,nan,nan,"nan,nan,nan,nan",Varsity,17-18
65-64,nan,W,nan,nan,nan,nan,"nan,nan,nan,nan",Varsity,17-18
71-66,nan,W,nan,nan,nan,nan,"nan,nan,nan,nan",Varsity,17-18
81-64,nan,W,nan,nan,nan,nan,"nan,nan,nan,nan",Varsity,17-18
66-62,nan,W,nan,nan,nan,nan,"nan,nan,nan,nan",Varsity,17-18
73-61,nan,W,nan,nan,nan,nan,"nan,nan,nan,nan",Varsity,17-18
83-69,nan,L,nan,nan,nan,nan,"nan,nan,nan,nan",Varsity,17-18
66-49,nan,W,nan,nan,nan,nan,"nan,nan,nan,nan",Varsity,17-18
71-54,nan,W,nan,nan,nan,nan,"nan,nan,nan,nan",Varsity,17-18
66-62,nan,W,nan,nan,nan,nan,"nan,nan,nan,nan",Varsity,17-18
86-70,nan,W,nan,nan,nan,nan,"nan,nan,nan,nan",Varsity,17-18
79-64,nan,W,nan,nan,nan,nan,"nan,nan,nan,nan",Varsity,17-18
55-35,nan,W,nan,nan,nan,nan,"nan,nan,nan,nan",Varsity,17-18
82-48,nan,W,nan,nan,nan,nan,"nan,nan,nan,nan",Varsity,17-18
75-30,nan,W,nan,nan,nan,nan,"nan,nan,nan,nan",Varsity,17-18
89-48,nan,W,nan,nan,nan,nan,"nan,nan,nan,nan",Varsity,17-18
71-56,nan,W,nan,nan,nan,nan,"nan,nan,nan,nan",Varsity,17-18
61-39,nan,W,nan,nan,nan,nan,"nan,nan,nan,nan",Varsity,17-18
81-45,nan,W,nan,nan,nan,nan,"nan,nan,nan,nan",Varsity,17-18
59-38,nan,W,nan,nan,nan,nan,"nan,nan,nan,nan",Varsity,17-18
66-43,nan,W,nan,nan,nan,nan,"nan,nan,nan,nan",Varsity,17-18
83-48,nan,W,nan,nan,nan,nan,"nan,nan,nan,nan",Varsity,17-18
80-40,nan,W,nan,nan,nan,nan,"nan,nan,nan,nan",Varsity,17-18
75-63,nan,W,nan,nan,nan,nan,"nan,nan,nan,nan",Varsity,17-18
80-65,nan,W,nan,nan,nan,nan,"nan,nan,nan,nan",Varsity,17-18
76-58,nan,L,nan,nan,nan,nan,"nan,nan,nan,nan",Varsity,17-18
81-65,nan,W,nan,nan,nan,nan,"nan,nan,nan,nan",Varsity,17-18
85-32,nan,W,nan,nan,nan,nan,"nan,nan,nan,nan",Varsity,17-18
64-54,nan,W,nan,nan,nan,nan,"nan,nan,nan,nan",Varsity,17-18
83-77 (OT),nan,W,nan,nan,nan,nan,"nan,nan,nan,nan",Varsity,17-18
65-16,nan,W,nan,nan,nan,nan,"nan,nan,nan,nan",Varsity,17-18
79-57,nan,W,nan,nan,nan,nan,"nan,nan,nan,nan",Varsity,17-18
61-53,nan,W,nan,nan,nan,nan,"nan,nan,nan,nan",Varsity,17-18
77-55,nan,W,nan,nan,nan,nan,"nan,nan,nan,nan",Varsity,17-18
85-53,nan,W,nan,nan,nan,nan,"nan,nan,nan,nan",Varsity,17-18
86-60,nan,W,nan,nan,nan,nan,"nan,nan,nan,nan",Varsity,17-18
64-58,nan,W,nan,nan,nan,nan,"nan,nan,nan,nan",Varsity,17-18
81-36,nan,W,nan,nan,nan,nan,"nan,nan,nan,nan",Varsity,17-18
100-72,nan,W,nan,nan,nan,nan,"nan,nan,nan,nan",Varsity,17-18
63-57,nan,W,nan,nan,nan,nan,"nan,nan,nan,nan",Varsity,17-18
89-51,nan,W,nan,nan,nan,nan,"nan,nan,nan,nan",Varsity,17-18
86-61,nan,W,nan,nan,nan,nan,"nan,nan,nan,nan",Varsity,17-18
74-61,nan,W,nan,nan,nan,nan,"nan,nan,nan,nan",Varsity,17-18
80-49,nan,W,nan,nan,nan,nan,"nan,nan,nan,nan",Varsity,17-18
91-77,nan,W,nan,nan,nan,nan,"nan,nan,nan,nan",Varsity,17-18
87-62,nan,W,nan,nan,nan,nan,"nan,nan,nan,nan",Varsity,17-18
84-70,nan,W,nan,nan,nan,nan,"nan,nan,nan,nan",Varsity,17-18
72-68,nan,W,nan,nan,nan,nan,"nan,nan,nan,nan",Varsity,17-18
58-55,nan,L,nan,nan,nan,nan,"nan,nan,nan,nan",Varsity,17-18
99-74,nan,W,nan,nan,nan,nan,"nan,nan,nan,nan",Varsity,17-18
60-53,nan,W,nan,nan,nan,nan,"nan,nan,nan,nan",Varsity,17-18
88-54,nan,W,nan,nan,nan,nan,"nan,nan,nan,nan",Varsity,17-18
73-53,nan,W,nan,nan,nan,nan,"nan,nan,nan,nan",Varsity,17-18
56-48,nan,W,nan,nan,nan,nan,"nan,nan,nan,nan",Varsity,17-18
72-63 (OT),nan,W,nan,nan,nan,nan,"nan,nan,nan,nan",Varsity,17-18
75-53,nan,L,nan,nan,nan,nan,"nan,nan,nan,nan",Varsity,17-18
103-67,nan,W,nan,nan,nan,nan,"nan,nan,nan,nan",Varsity,17-18
35-28,nan,W,nan,nan,nan,nan,"nan,nan,nan,nan",Varsity,17-18
86-65,nan,W,nan,nan,nan,nan,"nan,nan,nan,nan",Varsity,17-18
89-74,nan,W,nan,nan,nan,nan,"nan,nan,nan,nan",Varsity,17-18
95-58,nan,W,nan,nan,nan,nan,"nan,nan,nan,nan",Varsity,17-18
93-63,nan,W,nan,nan,nan,nan,"nan,nan,nan,nan",Varsity,17-18
113-36,nan,W,nan,nan,nan,nan,"nan,nan,nan,nan",Varsity,17-18
65-59,nan,W,nan,nan,nan,nan,"nan,nan,nan,nan",Varsity,17-18
78-50,nan,W,nan,nan,nan,nan,"nan,nan,nan,nan",Varsity,17-18
59-55,nan,W,nan,nan,nan,nan,"nan,nan,nan,nan",Varsity,17-18
59-55,nan,W,nan,nan,nan,nan,"nan,nan,nan,nan",Varsity,17-18
94-42,nan,W,nan,nan,nan,nan,"nan,nan,nan,nan",Varsity,17-18
94-89,nan,L,nan,nan,nan,nan,"nan,nan,nan,nan",Varsity,17-18
87-67,nan,W,nan,nan,nan,nan,"nan,nan,nan,nan",Varsity,17-18
79-49,nan,W,nan,nan,nan,nan,"nan,nan,nan,nan",Varsity,17-18
71-58,nan,W,nan,nan,nan,nan,"nan,nan,nan,nan",Varsity,17-18
82-63,nan,W,nan,nan,nan,nan,"nan,nan,nan,nan",Varsity,17-18
72-35,nan,W,nan,nan,nan,nan,"nan,nan,nan,nan",Varsity,17-18
60-55,nan,W,nan,nan,nan,nan,"nan,nan,nan,nan",Varsity,17-18
88-52,nan,W,nan,nan,nan,nan,"nan,nan,nan,nan",Varsity,17-18
75-40,nan,W,nan,nan,nan,nan,"nan,nan,nan,nan",Varsity,17-18
nan-nan,nan,L,nan,nan,nan,nan,"nan,nan,nan,nan",Varsity,17-18
88-67,nan,W,nan,nan,nan,nan,"nan,nan,nan,nan",Varsity,17-18
77-36,nan,W,nan,nan,nan,nan,"nan,nan,nan,nan",Varsity,17-18
87-48,nan,W,nan,nan,nan,nan,"nan,nan,nan,nan",Varsity,17-18
90-68,nan,W,nan,nan,nan,nan,"nan,nan,nan,nan",Varsity,17-18
75-59,nan,W,nan,nan,nan,nan,"nan,nan,nan,nan",Varsity,17-18
57-42,nan,W,nan,nan,nan,nan,"nan,nan,nan,nan",Varsity,17-18
57-56,nan,W,nan,nan,nan,nan,"nan,nan,nan,nan",Varsity,17-18
61-44,nan,W,nan,nan,nan,nan,"nan,nan,nan,nan",Varsity,17-18
